{"accuracy": [0.34847429394721985, 0.6762358546257019, 0.7798136472702026, 0.8369016051292419, 0.8728643655776978, 0.8963368535041809, 0.9125400185585022, 0.9282452464103699, 0.9381179213523865, 0.9479479193687439, 0.9525428414344788, 0.9601393938064575, 0.9648196697235107, 0.9685041904449463, 0.9720321297645569, 0.974791944026947, 0.9772956967353821, 0.9778647422790527, 0.9792161583900452, 0.9822604656219482], "loss": [2.2876923084259033, 1.045804738998413, 0.6995336413383484, 0.5077275037765503, 0.3921297490596771, 0.3177652657032013, 0.26242172718048096, 0.215112566947937, 0.1831778883934021, 0.15443745255470276, 0.1374150663614273, 0.11757718026638031, 0.10341770201921463, 0.0925048217177391, 0.08171210438013077, 0.07481935620307922, 0.06792926788330078, 0.06399316340684891, 0.05912024900317192, 0.05183212086558342], "val_accuracy": [0.6307193040847778, 0.7709423899650574, 0.8480536937713623, 0.8684839606285095, 0.9043364524841309, 0.9123605489730835, 0.9144092798233032, 0.9170271158218384, 0.9116776585578918, 0.9344980716705322, 0.9228317737579346, 0.943489670753479, 0.9451969265937805, 0.9325631856918335, 0.9339289665222168, 0.9495219588279724, 0.9507739543914795, 0.9458798170089722, 0.9458798170089722, 0.9545868635177612], "val_loss": [1.2622562646865845, 0.7231350541114807, 0.47835060954093933, 0.3989315927028656, 0.29430627822875977, 0.26902076601982117, 0.25668689608573914, 0.2586667239665985, 0.27326062321662903, 0.20572777092456818, 0.24096448719501495, 0.18613456189632416, 0.18181774020195007, 0.21370285749435425, 0.22386020421981812, 0.17116238176822662, 0.16619986295700073, 0.18034234642982483, 0.19233663380146027, 0.16480472683906555]}